<meta>
    <info type="map" version="1.0.0" />
    <map src="LV Prison Ext.map" dimension="0" />
    <settings>
        <setting name="#minplayers" value="[ 0 ]" />
        <setting name="#maxplayers" value="[ 128 ]" />
        <setting name="#gravity" value="[ 0.008000 ]" />
        <setting name="#weather" value="[ 0 ]" />
        <setting name="#time" value="12:0" />
        <setting name="#locked_time" value="[ false ]" />
        <setting name="#waveheight" value="[ 0 ]" />
        <setting name="#gamespeed" value="[ 1 ]" />
    </settings>
</meta>
